{"task_complexity":{"n_op":4,"n_qualifier":7},"result_complexity":{"n_var":8,"n_obs":3,"n_gen":3,"n_assert":4},"algo_complexity":{"n_bt":3,"n_sat":905,"n_nonempty":9,"t_sat":6.044704000000007,"t_nonempty":3.731050999999999,"t_refine":5.930848,"t_total":6.069173999999999,"n_forward":4,"n_backward":6},"rate":48.9,"n_retry":2.044989775051125}
